sample_id,split,sample_kind,primary,crit,haste,mastery,versatility,total_secondary
train-0000,train,dr-edge-crit,2097,2926,270,79,395,3670
train-0001,train,lhs,1834,888,812,695,232,2627
train-0002,train,lhs,1669,1893,483,898,277,3551
train-0003,train,lhs,2177,395,640,619,1959,3613
train-0004,train,lhs,1935,565,1827,717,235,3344
train-0005,train,lhs,1918,1532,313,1508,309,3662
train-0006,train,lhs,1757,2300,57,392,424,3173
train-0007,train,lhs,2149,895,309,1844,406,3454
train-0008,train,dr-edge-haste,2075,181,2851,325,411,3768
train-0009,train,lhs,1778,309,1170,1139,8,2626
train-0010,train,lhs,2196,822,478,89,1384,2773
train-0011,train,lhs,1710,1398,232,1909,333,3872
train-0012,train,lhs,2011,1153,1695,26,243,3117
train-0013,train,lhs,2106,18,38,1638,987,2681
train-0014,train,lhs,1826,260,602,597,1511,2970
train-0015,train,lhs,2006,547,54,1635,664,2900
train-0016,train,dr-edge-mastery,1717,225,484,2033,105,2847
train-0017,train,lhs,1848,99,281,89,3248,3717
train-0018,train,lhs,2042,203,419,808,1876,3306
train-0019,train,lhs,1912,2805,62,493,421,3781
train-0020,train,lhs,1818,184,1060,571,1348,3163
train-0021,train,lhs,2120,992,426,1073,158,2649
train-0022,train,lhs,1721,1553,192,196,813,2754
train-0023,train,lhs,2071,1417,480,994,477,3368
train-0024,train,dr-edge-versatility,2299,104,438,290,2858,3690
train-0025,train,lhs,2167,870,141,671,1353,3035
train-0026,train,lhs,1836,1016,319,758,1089,3182
train-0027,train,lhs,1775,2020,328,1206,120,3674
train-0028,train,lhs,2200,483,644,1080,831,3038
train-0029,train,lhs,2164,487,362,2704,231,3784
train-0030,train,lhs,2080,933,626,720,1496,3775
train-0031,train,lhs,1954,582,472,1394,1449,3897
train-0032,train,dr-edge-crit,1753,2352,179,174,248,2953
train-0033,train,lhs,1629,709,1888,155,832,3584
train-0034,train,lhs,2111,379,1196,152,992,2719
train-0035,train,lhs,1760,1017,1570,328,820,3735
train-0036,train,lhs,1824,93,494,2639,663,3889
train-0037,train,lhs,2282,257,978,1429,161,2825
train-0038,train,lhs,1876,1753,407,913,213,3286
train-0039,train,lhs,2275,974,1507,718,243,3442
train-0040,train,dr-edge-haste,2236,106,2030,450,270,2856
train-0041,train,lhs,1775,1764,1342,100,250,3456
train-0042,train,lhs,1822,1200,718,264,653,2835
train-0043,train,lhs,1622,1152,163,2259,46,3620
train-0044,train,lhs,1957,816,659,2003,256,3734
train-0045,train,lhs,1853,1637,1293,96,383,3409
train-0046,train,lhs,2158,120,2108,38,339,2605
train-0047,train,lhs,2122,331,1031,2100,73,3535
train-0048,train,dr-edge-mastery,1927,133,492,2226,220,3071
train-0049,train,lhs,2142,1292,361,164,1205,3022
train-0050,train,lhs,1610,2663,24,847,298,3832
train-0051,train,lhs,1983,1417,1051,130,983,3581
train-0052,train,lhs,1815,1042,1205,107,976,3330
train-0053,train,lhs,1968,369,1113,1283,76,2841
train-0054,train,lhs,1644,1152,1251,370,193,2966
train-0055,train,lhs,1733,898,197,421,1893,3409
train-0056,train,dr-edge-versatility,1804,303,80,431,2883,3697
train-0057,train,lhs,1892,243,609,756,2152,3760
train-0058,train,lhs,2248,469,689,506,1267,2931
train-0059,train,lhs,2155,735,1827,53,218,2833
train-0060,train,lhs,2290,1584,394,875,131,2984
train-0061,train,lhs,1614,383,1280,892,880,3435
train-0062,train,lhs,1685,386,796,285,1447,2914
train-0063,train,lhs,1790,24,107,1856,1014,3001
train-0064,train,dr-edge-crit,2266,2605,150,251,73,3079
train-0065,train,lhs,1762,604,903,28,1223,2758
train-0066,train,lhs,1933,80,463,1963,1065,3571
train-0067,train,lhs,2053,21,787,1513,838,3159
train-0068,train,lhs,1796,1107,1049,710,266,3132
train-0069,train,lhs,2050,304,2108,780,33,3225
train-0070,train,lhs,1708,32,1091,351,1470,2944
train-0071,train,lhs,1712,459,1805,128,668,3060
train-0072,train,dr-edge-haste,2118,110,2555,281,169,3115
train-0073,train,lhs,2184,1042,555,269,1679,3545
train-0074,train,lhs,2055,947,1427,1106,69,3549
train-0075,train,lhs,1725,998,505,558,1639,3700
train-0076,train,lhs,1674,100,178,2025,939,3242
train-0077,train,lhs,1665,1674,1044,375,660,3753
train-0078,train,lhs,1980,693,660,258,1283,2894
train-0079,train,lhs,2289,1479,1050,821,511,3861
train-0080,train,dr-edge-mastery,1601,295,214,2452,299,3260
train-0081,train,lhs,2226,211,1597,1020,406,3234
train-0082,train,lhs,1726,1199,1363,29,346,2937
train-0083,train,lhs,1691,338,727,579,1444,3088
train-0084,train,lhs,2255,2083,628,347,470,3528
train-0085,train,lhs,1631,115,1664,176,758,2713
train-0086,train,lhs,1903,1637,67,1152,175,3031
train-0087,train,lhs,2143,113,1460,487,1391,3451
train-0088,train,dr-edge-versatility,1867,430,137,455,2573,3595
train-0089,train,lhs,2220,460,520,159,1982,3121
train-0090,train,lhs,1758,509,216,1122,1354,3201
train-0091,train,lhs,2243,1092,820,406,1066,3384
train-0092,train,lhs,2223,142,127,1613,791,2673
train-0093,train,lhs,2168,706,1059,328,715,2808
train-0094,train,lhs,2110,67,944,1496,432,2939
train-0095,train,lhs,1940,1034,1270,519,425,3248
train-0096,train,dr-edge-crit,1728,3133,198,87,304,3722
train-0097,train,lhs,2128,1068,426,314,1724,3532
train-0098,train,lhs,2241,1042,1210,294,848,3394
train-0099,train,lhs,1660,72,1639,237,673,2621
train-0100,train,lhs,1649,608,189,1396,915,3108
train-0101,train,lhs,1941,1387,448,60,1926,3821
train-0102,train,lhs,2263,217,1623,331,538,2709
train-0103,train,lhs,2064,477,2,1706,1068,3253
train-0104,train,dr-edge-haste,1751,222,2670,617,333,3842
train-0105,train,lhs,1877,854,99,1099,874,2926
train-0106,train,lhs,1850,747,1610,248,834,3439
train-0107,train,lhs,2119,813,1741,1292,35,3881
train-0108,train,lhs,1635,585,1525,408,1311,3829
train-0109,train,lhs,2100,532,658,1428,170,2788
train-0110,train,lhs,1949,53,144,567,1952,2716
train-0111,train,lhs,2274,118,2041,825,729,3713
train-0112,train,dr-edge-mastery,1632,211,82,2042,330,2665
train-0113,train,lhs,2001,732,384,320,1824,3260
train-0114,train,lhs,1796,255,2457,506,273,3491
train-0115,train,lhs,1900,1012,355,1169,165,2701
train-0116,train,lhs,1809,777,1912,494,133,3316
train-0117,train,lhs,2090,431,1226,639,568,2864
train-0118,train,lhs,1841,970,114,1091,968,3143
train-0119,train,lhs,1951,212,840,1833,487,3372
train-0120,train,dr-edge-versatility,1734,525,70,349,2302,3246
train-0121,train,lhs,1805,466,676,1236,690,3068
train-0122,train,lhs,1612,1553,200,1204,247,3204
train-0123,train,lhs,1828,986,2248,370,104,3708
train-0124,train,lhs,1715,2442,47,72,438,2999
train-0125,train,lhs,1923,90,438,2641,169,3338
train-0126,train,lhs,2061,474,156,2275,118,3023
train-0127,train,lhs,1621,93,362,997,2051,3503
train-0128,train,dr-edge-crit,2137,2381,37,224,239,2881
train-0129,train,lhs,2279,673,547,1117,899,3236
train-0130,train,lhs,2180,505,783,365,981,2634
train-0131,train,lhs,2224,1512,185,444,618,2759
train-0132,train,lhs,1698,83,1397,713,861,3054
train-0133,train,lhs,1931,833,854,1673,401,3761
train-0134,train,lhs,2249,2,340,2361,95,2798
train-0135,train,lhs,2086,1182,968,482,242,2874
train-0136,train,dr-edge-haste,1787,261,2601,311,259,3432
train-0137,train,lhs,1862,393,996,190,1226,2805
train-0138,train,lhs,2169,577,179,2757,86,3599
train-0139,train,lhs,1925,1228,559,176,1164,3127
train-0140,train,lhs,2040,559,382,1933,645,3519
train-0141,train,lhs,2206,434,530,1734,918,3616
train-0142,train,lhs,1747,1083,360,28,1699,3170
train-0143,train,lhs,1939,2012,309,722,563,3606
train-0144,train,dr-edge-mastery,1851,103,143,2440,329,3015
train-0145,train,lhs,2087,1020,527,233,1487,3267
train-0146,train,lhs,1914,776,1287,554,985,3602
train-0147,train,lhs,2181,1139,106,502,922,2669
train-0148,train,lhs,1780,112,1225,505,1902,3744
train-0149,train,lhs,2044,1160,1563,184,196,3103
train-0150,train,lhs,2008,571,382,1970,399,3322
train-0151,train,lhs,1740,447,162,123,2140,2872
train-0152,train,dr-edge-versatility,2131,60,309,176,2997,3542
train-0153,train,lhs,2237,1675,22,986,472,3155
train-0154,train,lhs,1937,2657,291,40,754,3742
train-0155,train,lhs,1647,359,341,1754,1338,3792
train-0156,train,lhs,1661,627,261,344,2357,3589
train-0157,train,lhs,2198,4,248,2105,1106,3463
train-0158,train,lhs,2209,1273,915,1113,590,3891
train-0159,train,lhs,2173,279,21,58,2259,2617
train-0160,train,dr-edge-crit,1865,2256,573,334,132,3295
train-0161,train,lhs,1792,391,887,780,947,3005
train-0162,train,lhs,1857,1596,401,4,1648,3649
train-0163,train,lhs,1807,378,44,487,2494,3403
train-0164,train,lhs,1681,678,278,813,1070,2839
train-0165,train,lhs,2229,2714,898,114,119,3845
train-0166,train,lhs,2245,1057,469,1622,563,3711
train-0167,train,lhs,1840,1406,675,530,789,3400
train-0168,train,dr-edge-haste,2053,305,2006,123,293,2727
train-0169,train,lhs,1603,197,901,962,1128,3188
train-0170,train,lhs,1816,492,2672,36,135,3335
train-0171,train,lhs,1772,255,671,97,2259,3282
train-0172,train,lhs,2278,1090,359,726,520,2695
train-0173,train,lhs,2083,73,2312,563,907,3855
train-0174,train,lhs,1868,341,2673,357,42,3413
train-0175,train,lhs,2159,892,85,1021,1670,3668
train-0176,train,dr-edge-mastery,2284,147,170,2793,187,3297
train-0177,train,lhs,2022,349,1415,91,1616,3471
train-0178,train,lhs,1653,1599,345,1232,305,3481
train-0179,train,lhs,2163,183,2824,371,92,3470
train-0180,train,lhs,2105,1620,749,54,933,3356
train-0181,train,lhs,1905,629,317,1996,158,3100
train-0182,train,lhs,2108,816,1280,741,538,3375
train-0183,train,lhs,1745,327,1028,2051,286,3692
train-0184,train,dr-edge-versatility,1872,289,141,373,2282,3085
train-0185,train,lhs,1859,2136,1007,386,37,3566
train-0186,train,lhs,2035,867,368,133,1986,3354
train-0187,train,lhs,2046,30,1370,364,1215,2979
train-0188,train,lhs,2021,411,708,772,889,2780
train-0189,train,lhs,1703,1876,337,201,746,3160
train-0190,train,lhs,1651,434,310,1718,588,3050
train-0191,train,lhs,1843,108,2418,173,177,2876
train-0192,train,dr-edge-crit,1810,1942,261,420,166,2789
train-0193,train,lhs,1967,2111,20,823,733,3687
train-0194,train,lhs,1693,2394,303,562,335,3594
train-0195,train,lhs,1916,104,591,1989,54,2738
train-0196,train,lhs,1975,594,1187,1080,646,3507
train-0197,train,lhs,2191,207,112,1968,1039,3326
train-0198,train,lhs,1977,1070,1940,310,318,3638
train-0199,train,lhs,2230,219,1648,338,1068,3273
train-0200,train,dr-edge-haste,1910,231,2312,137,90,2770
train-0201,train,lhs,2074,811,821,450,834,2916
train-0202,train,lhs,2185,184,2814,280,345,3623
train-0203,train,lhs,1738,1423,385,602,334,2744
train-0204,train,lhs,1971,138,321,894,1338,2691
train-0205,train,lhs,2134,549,2298,118,398,3363
train-0206,train,lhs,1767,419,15,3125,161,3720
train-0207,train,lhs,1666,1048,320,1029,488,2885
train-0208,train,dr-edge-mastery,2066,291,246,2044,82,2663
train-0209,train,lhs,1689,464,2630,460,90,3644
train-0210,train,lhs,2178,907,66,60,2832,3865
train-0211,train,lhs,1671,242,227,1784,871,3124
train-0212,train,lhs,2240,593,224,2373,187,3377
train-0213,train,lhs,1920,177,1449,2226,10,3862
train-0214,train,lhs,2012,2655,266,329,326,3576
train-0215,train,lhs,2014,311,1202,1554,141,3208
train-0216,train,dr-edge-versatility,2216,225,237,178,1989,2629
train-0217,train,lhs,2048,1353,1810,695,17,3875
train-0218,train,lhs,1649,171,1769,1229,248,3417
train-0219,train,lhs,1676,467,1088,602,989,3146
train-0220,train,lhs,1784,1099,406,312,1471,3288
train-0221,train,lhs,1920,1088,867,210,863,3028
train-0222,train,lhs,2024,117,1015,1671,154,2957
train-0223,train,lhs,1696,810,617,369,1073,2869
train-0224,train,dr-edge-crit,1721,2812,361,187,368,3728
train-0225,train,lhs,1846,215,1173,408,926,2722
train-0226,train,lhs,2150,236,1378,65,1611,3290
train-0227,train,lhs,1871,783,2424,302,143,3652
train-0228,train,lhs,2038,58,1239,685,992,2974
train-0229,train,lhs,2068,694,53,23,3098,3868
train-0230,train,lhs,1956,928,335,1820,274,3357
train-0231,train,lhs,1893,276,2005,830,698,3809
train-0232,train,dr-edge-haste,1627,193,2339,87,145,2764
train-0233,train,lhs,1684,1155,564,956,297,2972
train-0234,train,lhs,2192,274,425,1889,54,2642
train-0235,train,lhs,2031,469,761,884,1702,3816
train-0236,train,lhs,2195,35,1388,1334,768,3525
train-0237,train,lhs,1787,676,1176,2020,27,3899
train-0238,train,lhs,2257,161,640,1844,669,3314
train-0239,train,lhs,1731,1,2079,867,244,3191
train-0240,train,dr-edge-mastery,2208,328,152,2507,179,3166
train-0241,train,lhs,1755,294,1251,155,1050,2750
train-0242,train,lhs,1617,503,189,94,1990,2776
train-0243,train,lhs,1625,150,2495,197,430,3272
train-0244,train,lhs,1798,1607,335,1346,547,3835
train-0245,train,lhs,1655,1633,438,247,338,2656
train-0246,train,lhs,1645,135,1898,274,601,2908
train-0247,train,lhs,1991,2712,431,512,29,3684
train-0248,train,dr-edge-versatility,2161,212,99,142,2184,2637
train-0249,train,lhs,2213,183,143,1181,1322,2829
train-0250,train,lhs,1640,1276,833,225,673,3007
train-0251,train,lhs,1680,38,196,609,1843,2686
train-0252,train,lhs,2084,1170,471,181,1312,3134
train-0253,train,lhs,1978,380,660,466,1352,2858
train-0254,train,lhs,2037,1076,241,815,800,2932
train-0255,train,lhs,1931,1031,493,1317,21,2862
train-0256,train,dr-edge-crit,2015,2628,603,376,158,3765
train-0257,train,lhs,1735,822,4,1561,1292,3679
train-0258,train,lhs,2129,2208,768,169,341,3486
train-0259,train,lhs,2030,373,1929,787,712,3801
train-0260,train,lhs,2201,1410,321,1448,282,3461
train-0261,train,lhs,1888,730,498,223,1869,3320
train-0262,train,lhs,1927,1938,127,15,902,2982
train-0263,train,lhs,1706,44,644,717,1362,2767
train-0264,train,dr-edge-haste,2253,471,2389,81,451,3392
train-0265,train,lhs,1984,791,442,1063,779,3075
train-0266,train,lhs,2049,1026,1045,74,704,2849
train-0267,train,lhs,2260,176,712,1544,679,3111
train-0268,train,lhs,1964,487,1776,51,573,2887
train-0269,train,lhs,1823,696,2030,110,373,3209
train-0270,train,lhs,1884,1358,147,1785,130,3420
train-0271,train,lhs,1999,197,754,409,1457,2817
train-0272,train,dr-edge-mastery,2020,471,316,2665,398,3850
train-0273,train,lhs,1990,62,1184,1171,194,2611
train-0274,train,lhs,2228,681,112,930,2104,3827
train-0275,train,lhs,1783,110,808,898,1105,2921
train-0276,train,lhs,1896,891,1679,599,337,3506
train-0277,train,lhs,1961,125,421,1448,1226,3220
train-0278,train,lhs,1899,337,110,1409,1634,3490
train-0279,train,lhs,1885,1150,631,858,541,3180
train-0280,train,dr-edge-versatility,2003,133,294,181,3277,3885
train-0281,train,lhs,2175,2253,9,200,732,3194
train-0282,train,lhs,2287,391,830,1942,64,3227
train-0283,train,lhs,1997,2421,445,691,15,3572
train-0284,train,lhs,2101,532,1896,361,161,2950
train-0285,train,lhs,1859,79,1038,301,1306,2724
train-0286,train,lhs,2172,744,1563,6,831,3144
train-0287,train,lhs,1691,92,450,1507,1047,3096
train-0288,train,dr-edge-crit,2298,2871,384,430,92,3777
train-0289,train,lhs,2232,613,882,674,513,2682
train-0290,train,lhs,2060,1057,1602,338,216,3213
train-0291,train,lhs,1611,147,1582,575,1077,3381
train-0292,train,lhs,2094,1102,542,1567,559,3770
train-0293,train,lhs,1883,692,1369,440,1020,3521
train-0294,train,lhs,2033,401,339,1590,740,3070
train-0295,train,lhs,2124,935,1237,311,119,2602
train-0296,train,dr-edge-haste,2270,316,2498,406,90,3310
train-0297,train,lhs,2140,1657,69,319,865,2910
train-0298,train,lhs,2136,605,331,934,950,2820
train-0299,train,lhs,1636,904,493,957,449,2803
train-0300,train,lhs,1724,191,1677,940,703,3511
train-0301,train,lhs,2147,901,14,696,2020,3631
train-0302,train,lhs,1902,650,266,522,1700,3138
train-0303,train,lhs,2205,18,1637,1484,162,3301
train-0304,train,dr-edge-mastery,2153,279,371,1996,168,2814
train-0305,train,lhs,1881,119,1027,950,1442,3538
train-0306,train,lhs,1710,811,850,1724,363,3748
train-0307,train,lhs,1986,182,1304,660,778,2924
train-0308,train,lhs,2069,266,1735,189,1239,3429
train-0309,train,lhs,1656,352,992,400,1808,3552
train-0310,train,lhs,2152,273,959,576,2015,3823
train-0311,train,lhs,2261,1654,78,1688,377,3797
train-0312,train,dr-edge-versatility,1718,373,479,147,2758,3757
train-0313,train,lhs,2029,455,1614,910,60,3039
train-0314,train,lhs,2079,485,264,2045,472,3266
train-0315,train,lhs,1952,72,438,2429,619,3558
train-0316,train,lhs,2005,2186,255,262,245,2948
train-0317,train,lhs,2295,1731,236,196,569,2732
train-0318,train,lhs,1763,2482,337,390,157,3366
train-0319,train,lhs,1771,1585,168,448,975,3176
train-0320,train,dr-edge-crit,1819,2228,165,355,264,3012
train-0321,train,lhs,1972,657,823,1033,476,2989
train-0322,train,lhs,2127,1028,1125,401,1285,3839
train-0323,train,lhs,1658,337,425,1013,967,2742
train-0324,train,lhs,2103,972,1366,961,124,3423
train-0325,train,lhs,2063,1761,198,813,335,3107
train-0326,train,lhs,2058,13,368,2530,878,3789
train-0327,train,lhs,1779,1200,942,152,1515,3809
train-0328,train,dr-edge-haste,2234,340,2326,181,116,2963
train-0329,train,lhs,1793,1008,1288,136,458,2890
train-0330,train,lhs,1802,397,2040,81,948,3466
train-0331,train,lhs,2090,1263,49,712,670,2694
train-0332,train,lhs,1677,308,943,2130,205,3586
train-0333,train,lhs,2284,162,2617,202,757,3738
train-0334,train,lhs,1987,569,496,136,1817,3018
train-0335,train,lhs,1833,133,1990,92,534,2749
train-0336,train,dr-edge-mastery,1863,538,256,2897,103,3794
train-0337,train,lhs,1843,2234,122,127,864,3347
train-0338,train,lhs,1765,1214,1067,366,14,2661
train-0339,train,lhs,1874,2076,210,601,196,3083
train-0340,train,lhs,2219,780,894,248,725,2647
train-0341,train,lhs,1737,907,436,638,1518,3499
train-0342,train,lhs,2146,1238,418,732,1415,3803
train-0343,train,lhs,1944,170,104,1001,2354,3629
train-0344,train,dr-edge-versatility,1879,305,460,277,2395,3437
train-0345,train,lhs,1995,3100,368,18,327,3813
train-0346,train,lhs,1700,35,733,1382,702,2852
train-0347,train,lhs,1890,107,217,15,3514,3853
train-0348,train,lhs,2203,828,183,1203,399,2613
train-0349,train,lhs,1749,446,1581,912,365,3304
train-0350,train,lhs,1619,406,1850,610,350,3216
train-0351,train,lhs,1607,1268,1007,397,151,2823
train-0352,train,dr-edge-crit,1800,2896,316,186,283,3681
train-0353,train,lhs,2133,313,351,2425,473,3562
train-0354,train,lhs,1909,601,2771,192,139,3703
train-0355,train,lhs,1963,1188,461,822,523,2994
train-0356,train,lhs,1831,926,122,202,1793,3043
train-0357,train,lhs,2247,24,87,1046,1635,2792
train-0358,train,lhs,1948,299,63,155,2997,3514
train-0359,train,lhs,1705,49,136,1707,1605,3497
train-0360,train,dr-edge-haste,1992,158,3100,39,367,3664
train-0361,train,lhs,2293,1300,130,165,1737,3332
train-0362,train,lhs,2097,683,557,628,1225,3093
train-0363,train,lhs,1642,379,22,429,1823,2653
train-0364,train,lhs,1743,1532,162,825,1137,3656
train-0365,train,lhs,2252,625,883,1040,152,2700
train-0366,train,lhs,1668,2183,1354,292,48,3877
train-0367,train,lhs,2018,2127,522,32,55,2736
train-0368,train,dr-edge-mastery,1812,281,272,2241,165,2959
train-0369,train,lhs,1605,65,1223,255,1808,3351
train-0370,train,lhs,2092,911,380,711,1060,3062
train-0371,train,lhs,1701,1492,921,468,315,3196
train-0372,train,lhs,2026,579,306,1894,279,3058
train-0373,train,lhs,1960,1375,9,622,779,2785
train-0374,train,lhs,2113,1054,567,939,1048,3608
train-0375,train,lhs,1638,667,1772,1008,30,3477
train-0376,train,dr-edge-versatility,2276,184,288,167,2352,2991
train-0377,train,lhs,2292,1066,524,926,126,2642
train-0378,train,lhs,1837,540,1454,48,636,2678
train-0379,train,lhs,1973,2348,301,482,493,3624
train-0380,train,lhs,2188,858,698,661,393,2610
train-0381,train,lhs,2211,523,106,1980,437,3046
train-0382,train,lhs,2271,1281,1914,427,104,3726
train-0383,train,lhs,2265,1029,552,1359,458,3398
train-0384,train,dr-edge-crit,1687,2427,168,145,156,2896
train-0385,train,lhs,1945,411,771,1913,353,3448
train-0386,train,lhs,1769,1540,1575,273,1,3389
train-0387,train,lhs,1746,665,929,922,635,3151
train-0388,train,lhs,2188,3144,128,171,215,3658
train-0389,train,lhs,2267,15,2552,750,163,3480
train-0390,train,lhs,1894,1131,299,1058,733,3221
train-0391,train,lhs,2217,1351,79,112,2093,3635
train-0392,train,dr-edge-haste,1673,61,1951,481,212,2705
train-0393,train,lhs,1624,246,657,1179,1195,3277
train-0394,train,lhs,1606,1514,838,81,823,3256
train-0395,train,lhs,2077,1401,1794,118,328,3641
train-0396,train,lhs,1854,1381,430,1425,4,3240
train-0397,train,lhs,2115,169,1524,842,261,2796
train-0398,train,lhs,1908,1707,139,281,775,2902
train-0399,train,lhs,1997,1021,30,1308,1203,3562
validation-0000,validation,dr-edge-crit,1936,2612,630,152,442,3836
validation-0001,validation,lhs,1673,458,1457,1202,635,3752
validation-0002,validation,lhs,2251,760,125,1540,1012,3437
validation-0003,validation,lhs,2122,674,665,1576,425,3340
validation-0004,validation,lhs,2174,1165,677,1340,705,3887
validation-0005,validation,lhs,1642,542,313,960,1818,3633
validation-0006,validation,lhs,1951,1135,69,189,1260,2653
validation-0007,validation,lhs,1665,519,73,2000,542,3134
validation-0008,validation,dr-edge-haste,1896,117,2718,360,134,3329
validation-0009,validation,lhs,1752,2207,299,203,1104,3813
validation-0010,validation,lhs,2240,1566,868,767,191,3392
validation-0011,validation,lhs,1701,1712,435,8,787,2942
validation-0012,validation,lhs,2157,259,1762,50,1652,3723
validation-0013,validation,lhs,2059,1184,574,193,975,2926
validation-0014,validation,lhs,1888,1348,911,175,192,2626
validation-0015,validation,lhs,1668,277,185,932,2274,3668
validation-0016,validation,dr-edge-mastery,2143,178,536,2487,249,3450
validation-0017,validation,lhs,1651,619,95,120,2212,3046
validation-0018,validation,lhs,1836,821,1685,1009,6,3521
validation-0019,validation,lhs,1834,1560,415,894,232,3101
validation-0020,validation,lhs,2186,598,2055,75,972,3700
validation-0021,validation,lhs,1991,129,262,2138,841,3370
validation-0022,validation,lhs,1876,2067,908,481,58,3514
validation-0023,validation,lhs,2199,711,443,463,1430,3047
validation-0024,validation,dr-edge-versatility,1928,284,109,177,2855,3425
validation-0025,validation,lhs,1849,532,1664,1091,273,3560
validation-0026,validation,lhs,1987,88,1584,687,257,2616
validation-0027,validation,lhs,2047,94,2567,130,488,3279
validation-0028,validation,lhs,2173,1305,192,1923,204,3624
validation-0029,validation,lhs,2213,1201,1049,694,122,3066
validation-0030,validation,lhs,1716,1414,19,1410,239,3082
validation-0031,validation,lhs,1844,299,1416,464,838,3017
validation-0032,validation,dr-edge-crit,2098,2382,212,254,120,2968
validation-0033,validation,lhs,1997,446,714,1539,184,2883
validation-0034,validation,lhs,1854,760,473,757,686,2676
validation-0035,validation,lhs,1690,3,2273,117,1201,3594
validation-0036,validation,lhs,2258,471,567,1854,256,3148
validation-0037,validation,lhs,2031,425,1731,188,567,2911
validation-0038,validation,lhs,2287,271,1631,182,927,3011
validation-0039,validation,lhs,1616,494,335,1155,763,2747
validation-0040,validation,dr-edge-haste,1623,167,2105,203,159,2634
validation-0041,validation,lhs,2054,1102,614,790,582,3088
validation-0042,validation,lhs,1963,1234,1436,91,354,3115
validation-0043,validation,lhs,1883,1369,531,584,737,3221
validation-0044,validation,lhs,1683,866,1313,351,539,3069
validation-0045,validation,lhs,1726,594,533,118,1587,2832
validation-0046,validation,lhs,2066,336,1212,1810,538,3896
validation-0047,validation,lhs,1705,162,325,299,2407,3193
validation-0048,validation,dr-edge-mastery,1907,148,242,2111,254,2755
validation-0049,validation,lhs,1798,2504,861,115,13,3493
validation-0050,validation,lhs,1905,72,278,1237,1660,3247
validation-0051,validation,lhs,2268,261,57,991,1718,3027
validation-0052,validation,lhs,1865,679,413,1959,529,3580
validation-0053,validation,lhs,1813,360,2280,28,336,3004
validation-0054,validation,lhs,1814,153,751,243,2637,3784
validation-0055,validation,lhs,2151,1228,937,579,517,3261
validation-0056,validation,dr-edge-versatility,2096,125,440,181,2548,3294
validation-0057,validation,lhs,1807,786,720,759,1037,3302
validation-0058,validation,lhs,2033,808,1227,132,654,2821
validation-0059,validation,lhs,2232,1103,811,1719,190,3823
validation-0060,validation,lhs,2278,742,1089,674,295,2800
validation-0061,validation,lhs,2294,1091,386,505,747,2729
validation-0062,validation,lhs,2131,108,1467,1424,606,3605
validation-0063,validation,lhs,2266,655,504,333,1497,2989
validation-0064,validation,dr-edge-crit,1959,2003,235,325,358,2921
validation-0065,validation,lhs,2113,1480,131,1039,40,2690
validation-0066,validation,lhs,2195,948,53,1900,967,3868
validation-0067,validation,lhs,1940,338,683,1640,228,2889
validation-0068,validation,lhs,2183,53,998,244,2022,3317
validation-0069,validation,lhs,1606,1139,1035,51,1185,3410
validation-0070,validation,lhs,1795,411,163,2136,96,2806
validation-0071,validation,lhs,1732,166,686,1211,1148,3211
validation-0072,validation,dr-edge-haste,1926,179,2478,312,317,3286
validation-0073,validation,lhs,2091,155,321,2950,181,3607
validation-0074,validation,lhs,2072,879,1476,1291,227,3873
validation-0075,validation,lhs,1826,1160,97,611,1940,3808
validation-0076,validation,lhs,1622,1245,1958,2,143,3348
validation-0077,validation,lhs,2010,675,384,820,830,2709
validation-0078,validation,lhs,1978,618,205,707,2328,3858
validation-0079,validation,lhs,2017,335,787,1101,428,2651
validation-0080,validation,dr-edge-mastery,2169,436,179,2809,221,3645
validation-0081,validation,lhs,2161,179,1012,1391,592,3174
validation-0082,validation,lhs,1638,473,229,1647,551,2900
validation-0083,validation,lhs,2077,790,2047,85,618,3540
validation-0084,validation,lhs,1725,16,2410,446,601,3473
validation-0085,validation,lhs,2204,472,307,276,2099,3154
validation-0086,validation,lhs,2141,316,887,728,1275,3206
validation-0087,validation,lhs,2129,209,630,2436,457,3732
validation-0088,validation,dr-edge-versatility,1601,550,185,188,2772,3695
validation-0089,validation,lhs,2026,994,13,284,1481,2772
validation-0090,validation,lhs,1656,1371,299,364,1327,3361
validation-0091,validation,lhs,1743,77,1188,1324,1172,3761
validation-0092,validation,lhs,2011,1414,782,271,228,2695
validation-0093,validation,lhs,2276,346,1204,1233,454,3237
validation-0094,validation,lhs,2209,1176,1052,243,1059,3530
validation-0095,validation,lhs,1857,2146,6,89,1018,3259
validation-0096,validation,dr-edge-crit,1631,2345,375,161,72,2953
validation-0097,validation,lhs,1742,1750,832,1091,169,3842
validation-0098,validation,lhs,1870,602,2043,451,552,3648
validation-0099,validation,lhs,1711,270,63,80,3155,3568
validation-0100,validation,lhs,1695,661,696,1862,194,3413
validation-0101,validation,lhs,1769,1667,33,883,153,2736
validation-0102,validation,lhs,1787,1161,791,530,359,2841
validation-0103,validation,lhs,1782,1407,187,341,1252,3187
validation-0104,validation,dr-edge-haste,1680,30,2945,224,284,3483
validation-0105,validation,lhs,2114,408,813,1039,458,2718
validation-0106,validation,lhs,1945,143,513,1852,470,2978
validation-0107,validation,lhs,1972,560,717,1459,133,2869
validation-0108,validation,lhs,2105,558,910,781,1207,3456
validation-0109,validation,lhs,2295,564,720,1297,383,2964
validation-0110,validation,lhs,2249,590,871,214,1494,3169
validation-0111,validation,lhs,2042,400,550,1909,269,3128
validation-0112,validation,dr-edge-mastery,2082,259,192,1929,227,2607
validation-0113,validation,lhs,2003,660,1560,1230,98,3548
validation-0114,validation,lhs,1971,1178,276,1567,777,3798
validation-0115,validation,lhs,1647,155,895,1008,1445,3503
validation-0116,validation,lhs,1756,229,568,422,2524,3743
validation-0117,validation,lhs,1763,2161,1244,303,62,3770
validation-0118,validation,lhs,1893,100,1651,1655,303,3709
validation-0119,validation,lhs,2227,1150,445,305,961,2861
validation-0120,validation,dr-edge-versatility,2220,175,231,429,2545,3380
validation-0121,validation,lhs,1913,913,1063,228,459,2663
validation-0122,validation,lhs,2064,869,149,947,812,2777
validation-0123,validation,lhs,1918,462,2063,1115,44,3684
validation-0124,validation,lhs,1774,62,511,402,1874,2849
validation-0125,validation,lhs,2242,711,960,60,1665,3396
validation-0126,validation,lhs,1780,913,2557,125,66,3661
validation-0127,validation,lhs,1820,36,962,727,1067,2792
test-0000,test,dr-edge-crit,2287,2491,90,659,253,3493
test-0001,test,lhs,1991,1011,980,280,1428,3699
test-0002,test,lhs,1792,1338,373,326,1483,3520
test-0003,test,lhs,2062,101,1678,1203,499,3481
test-0004,test,lhs,1902,133,1322,1021,455,2931
test-0005,test,lhs,1740,1213,1395,165,380,3153
test-0006,test,lhs,1985,187,860,230,1529,2806
test-0007,test,lhs,1646,118,1072,577,1617,3384
test-0008,test,dr-edge-haste,2034,366,3006,113,256,3741
test-0009,test,lhs,2262,845,232,1714,212,3003
test-0010,test,lhs,1906,1945,511,134,109,2699
test-0011,test,lhs,2196,2009,536,291,343,3179
test-0012,test,lhs,1907,944,337,911,1368,3560
test-0013,test,lhs,1799,714,915,1084,185,2898
test-0014,test,lhs,1778,954,1458,496,547,3455
test-0015,test,lhs,1682,1618,264,15,730,2627
test-0016,test,dr-edge-mastery,1748,336,209,2593,105,3243
test-0017,test,lhs,1933,1620,562,879,408,3469
test-0018,test,lhs,1774,128,882,637,1389,3036
test-0019,test,lhs,1843,929,1274,79,380,2662
test-0020,test,lhs,1604,1054,1474,3,422,2953
test-0021,test,lhs,1891,1623,613,1298,318,3852
test-0022,test,lhs,2271,413,181,1671,924,3189
test-0023,test,lhs,1620,248,1784,108,1514,3654
test-0024,test,dr-edge-versatility,1836,379,434,79,2883,3775
test-0025,test,lhs,2001,1379,268,513,1185,3345
test-0026,test,lhs,1926,863,98,1747,498,3206
test-0027,test,lhs,2232,994,273,353,1516,3136
test-0028,test,lhs,2121,387,156,1186,2052,3781
test-0029,test,lhs,2183,487,101,1515,671,2774
test-0030,test,lhs,1984,388,553,587,1526,3054
test-0031,test,lhs,1887,136,459,1940,211,2746
test-0032,test,dr-edge-crit,2206,2052,261,253,408,2974
test-0033,test,lhs,2169,1043,778,313,912,3046
test-0034,test,lhs,1606,986,1998,354,31,3369
test-0035,test,lhs,2219,6,2535,906,160,3607
test-0036,test,lhs,2239,2008,76,695,1072,3851
test-0037,test,lhs,2247,2563,6,269,829,3667
test-0038,test,lhs,1760,1995,449,836,604,3884
test-0039,test,lhs,2295,439,133,1533,1208,3313
test-0040,test,dr-edge-haste,1672,410,2251,214,41,2916
test-0041,test,lhs,1830,362,1560,742,973,3637
test-0042,test,lhs,1678,1261,1237,1082,251,3831
test-0043,test,lhs,1940,185,2287,228,477,3177
test-0044,test,lhs,1666,1889,258,1158,368,3673
test-0045,test,lhs,1707,203,242,171,2203,2819
test-0046,test,lhs,2071,18,876,837,949,2680
test-0047,test,lhs,1638,392,1432,829,570,3223
test-0048,test,dr-edge-mastery,2044,413,476,2682,289,3860
test-0049,test,lhs,2111,142,557,2194,686,3579
test-0050,test,lhs,2096,278,854,1901,379,3412
test-0051,test,lhs,2178,154,1940,376,619,3089
test-0052,test,lhs,1980,540,9,1371,1337,3257
test-0053,test,lhs,1750,862,1133,1076,352,3423
test-0054,test,lhs,2016,217,1391,1050,165,2823
test-0055,test,lhs,1807,472,146,401,2245,3264
test-0056,test,dr-edge-versatility,1953,613,64,207,2724,3608
test-0057,test,lhs,1965,1927,352,295,540,3114
test-0058,test,lhs,2204,1063,92,1553,45,2753
test-0059,test,lhs,2127,927,1857,908,180,3872
test-0060,test,lhs,2212,927,1056,633,122,2738
test-0061,test,lhs,1865,875,54,403,2288,3620
test-0062,test,lhs,2117,1443,192,830,472,2937
test-0063,test,lhs,1720,782,1192,17,704,2695
test-0064,test,dr-edge-crit,2114,3283,133,376,98,3890
test-0065,test,lhs,1871,835,398,1535,122,2890
test-0066,test,lhs,1960,1419,122,2055,91,3687
test-0067,test,lhs,2195,2284,180,792,470,3726
test-0068,test,lhs,1729,1720,510,56,1252,3538
test-0069,test,lhs,1851,134,143,400,2388,3065
test-0070,test,lhs,2224,829,987,278,1611,3705
test-0071,test,lhs,1915,388,199,1567,1249,3403
test-0072,test,dr-edge-haste,1695,337,2090,127,210,2764
test-0073,test,lhs,1665,465,1985,811,323,3584
test-0074,test,lhs,2162,774,2050,145,679,3648
test-0075,test,lhs,1816,508,361,1928,58,2855
test-0076,test,lhs,1881,941,1522,303,21,2787
test-0077,test,lhs,2188,1286,1121,40,153,2600
test-0078,test,lhs,2027,386,1208,1549,175,3318
test-0079,test,lhs,2075,650,974,535,452,2611
test-0080,test,dr-edge-mastery,1785,104,173,2858,245,3380
test-0081,test,lhs,2142,741,243,1521,215,2720
test-0082,test,lhs,2281,489,1875,683,148,3195
test-0083,test,lhs,1876,323,1236,1635,219,3413
test-0084,test,lhs,2016,849,874,214,792,2729
test-0085,test,lhs,1784,954,305,113,1463,2835
test-0086,test,lhs,2078,305,177,112,2119,2713
test-0087,test,lhs,2094,1458,268,386,1039,3151
test-0088,test,dr-edge-versatility,2289,487,293,62,2262,3104
test-0089,test,lhs,1741,518,1930,107,79,2634
test-0090,test,lhs,1612,602,193,192,2746,3733
test-0091,test,lhs,2176,33,102,1323,2365,3823
test-0092,test,lhs,2107,1773,488,586,429,3276
test-0093,test,lhs,2150,603,1393,177,451,2624
test-0094,test,lhs,1686,1071,738,757,599,3165
test-0095,test,lhs,2298,168,1457,649,1384,3658
test-0096,test,dr-edge-crit,2266,2468,591,310,200,3569
test-0097,test,lhs,1827,2607,211,281,116,3215
test-0098,test,lhs,1711,960,1355,217,910,3442
test-0099,test,lhs,2214,571,1167,700,434,2872
test-0100,test,lhs,2090,1792,1440,103,416,3751
test-0101,test,lhs,2022,769,984,433,1141,3327
test-0102,test,lhs,1632,380,1691,1741,3,3815
test-0103,test,lhs,2100,2376,338,505,143,3362
test-0104,test,dr-edge-haste,1697,473,2194,213,219,3099
test-0105,test,lhs,2006,354,1923,38,1379,3694
test-0106,test,lhs,1723,918,774,1102,1015,3809
test-0107,test,lhs,1921,1562,81,773,592,3008
test-0108,test,lhs,1942,12,1650,561,424,2647
test-0109,test,lhs,1733,1671,1122,311,732,3836
test-0110,test,lhs,1628,993,413,1057,458,2921
test-0111,test,lhs,2145,1408,86,638,955,3087
test-0112,test,dr-edge-mastery,2084,118,206,2444,373,3141
test-0113,test,lhs,1955,1689,103,955,559,3306
test-0114,test,lhs,1928,12,334,13,3137,3496
test-0115,test,lhs,1754,488,584,801,1029,2902
test-0116,test,lhs,1968,146,1028,914,752,2840
test-0117,test,lhs,2047,610,554,1397,873,3434
test-0118,test,lhs,1821,204,115,102,2365,2786
test-0119,test,lhs,2235,165,418,1810,275,2668
test-0120,test,dr-edge-versatility,1847,178,184,115,2211,2688
test-0121,test,lhs,1769,1083,172,1285,422,2962
test-0122,test,lhs,1649,330,662,1013,841,2846
test-0123,test,lhs,2010,1296,703,256,980,3235
test-0124,test,lhs,1616,419,78,2616,340,3453
test-0125,test,lhs,1949,448,446,276,2165,3335
test-0126,test,lhs,1838,912,988,467,1108,3475
test-0127,test,lhs,1894,1993,5,602,155,2755
test-0128,test,dr-edge-crit,1811,2984,120,225,225,3554
test-0129,test,lhs,1974,223,612,837,1301,2973
test-0130,test,lhs,1793,1048,1151,1478,86,3763
test-0131,test,lhs,1802,349,479,1559,1414,3801
test-0132,test,lhs,2055,2026,128,326,465,2945
test-0133,test,lhs,2168,68,817,407,2060,3352
test-0134,test,lhs,2137,740,250,1379,1180,3549
test-0135,test,lhs,1876,1233,82,1287,473,3075
test-0136,test,dr-edge-haste,2159,288,1924,237,354,2803
test-0137,test,lhs,1860,1937,1105,165,587,3794
test-0138,test,lhs,1857,713,1216,228,1469,3626
test-0139,test,lhs,2042,2122,945,420,231,3718
test-0140,test,lhs,1717,827,953,1253,93,3126
test-0141,test,lhs,2260,409,1713,171,698,2991
test-0142,test,lhs,1702,498,822,1677,33,3030
test-0143,test,lhs,2029,251,878,1478,414,3021
test-0144,test,dr-edge-mastery,2226,71,282,2408,104,2865
test-0145,test,lhs,1688,264,490,1580,958,3292
test-0146,test,lhs,2253,475,45,117,2651,3288
test-0147,test,lhs,1659,75,669,2304,547,3595
test-0148,test,lhs,2066,602,895,1675,61,3233
test-0149,test,lhs,2129,788,522,1110,850,3270
test-0150,test,lhs,1639,137,990,431,1959,3517
test-0151,test,lhs,1996,441,2111,638,343,3533
test-0152,test,dr-edge-versatility,1625,156,168,346,1980,2650
test-0153,test,lhs,2155,261,2009,810,425,3505
test-0154,test,lhs,1657,1696,1633,332,237,3898
test-0155,test,lhs,1917,319,1354,714,497,2884
test-0156,test,lhs,1764,1734,59,1682,284,3759
test-0157,test,lhs,2251,120,33,1706,1127,2986
test-0158,test,lhs,2275,602,142,1113,1531,3388
test-0159,test,lhs,2058,538,1974,157,392,3061
test-extra-0000,test,outside-primary-low-extreme-crit,1459,2749,74,74,74,2971
test-extra-0001,test,outside-primary-high,2502,66,956,281,1325,2628
test-extra-0002,test,outside-budget-low,2170,398,1658,287,36,2379
test-extra-0003,test,outside-budget-high,2261,136,3241,429,429,4235
test-extra-0004,test,outside-primary-low,1412,171,2030,1202,182,3585
test-extra-0005,test,outside-primary-high-extreme-haste,2501,86,3210,86,86,3468
test-extra-0006,test,outside-budget-low,2033,174,1504,581,30,2289
test-extra-0007,test,outside-budget-high,2052,1260,2586,74,360,4280
test-extra-0008,test,outside-primary-low,1369,875,158,679,1273,2985
test-extra-0009,test,outside-primary-high,2546,63,315,2996,365,3739
test-extra-0010,test,outside-budget-low-extreme-mastery,1887,62,62,2295,62,2481
test-extra-0011,test,outside-budget-high,2152,1636,40,129,2467,4272
test-extra-0012,test,outside-primary-low,1387,0,1090,8,1822,2920
test-extra-0013,test,outside-primary-high,2399,1534,93,19,2157,3803
test-extra-0014,test,outside-budget-low,1830,193,8,1235,997,2433
test-extra-0015,test,outside-budget-high-extreme-versatility,1929,104,104,104,3859,4171
test-extra-0016,test,outside-primary-low,1511,314,337,555,1398,2604
test-extra-0017,test,outside-primary-high,2543,131,550,1536,598,2815
test-extra-0018,test,outside-budget-low,2205,849,649,816,38,2352
test-extra-0019,test,outside-budget-high,2280,1108,690,986,1609,4393
test-extra-0020,test,outside-primary-low-extreme-crit,1490,2671,72,72,72,2887
test-extra-0021,test,outside-primary-high,2417,576,1133,950,430,3089
test-extra-0022,test,outside-budget-low,1918,792,466,1006,55,2319
test-extra-0023,test,outside-budget-high,1717,1411,56,2764,62,4293
test-extra-0024,test,outside-primary-low,1473,1272,255,889,763,3179
test-extra-0025,test,outside-primary-high-extreme-haste,2408,67,2479,67,67,2680
test-extra-0026,test,outside-budget-low,2284,302,77,1025,803,2207
test-extra-0027,test,outside-budget-high,1858,452,1483,854,1403,4192
test-extra-0028,test,outside-primary-low,1517,654,1086,709,513,2962
test-extra-0029,test,outside-primary-high,2497,1822,1039,91,204,3156
test-extra-0030,test,outside-budget-low-extreme-mastery,1721,61,61,2294,61,2477
test-extra-0031,test,outside-budget-high,1890,311,2063,100,1707,4181
